"002_S_0295,"
"002_S_0413,"
"002_S_0685,"
"002_S_0729,"
"002_S_1155,"
"002_S_1261,"
"002_S_1268,"
"002_S_1280,"
"002_S_2010,"
"002_S_2043,"
"002_S_2073,"
"002_S_4171,"
"002_S_4213,"
"002_S_4219,"
"002_S_4225,"
"002_S_4229,"
"002_S_4237,"
"002_S_4251,"
"002_S_4262,"
"002_S_4270,"
"002_S_4447,"
"002_S_4473,"
"002_S_4521,"
"002_S_4654,"
"002_S_4746,"
"002_S_4799,"
"002_S_5018,"
"002_S_5178,"
"002_S_5230,"
"002_S_5256,"
"002_S_6007,"
"002_S_6009,"
"002_S_6030,"
"002_S_6053,"
"002_S_6066,"
"002_S_6103,"
"002_S_6404,"
"002_S_6456,"
"002_S_6652,"
"002_S_6695,"
"003_S_0907,"
"003_S_0908,"
"003_S_0981,"
"003_S_1057,"
"003_S_1074,"
"003_S_1122,"
"003_S_2374,"
"003_S_4081,"
"003_S_4119,"
"003_S_4136,"
"003_S_4152,"
"003_S_4288,"
"003_S_4350,"
"003_S_4354,"
"003_S_4373,"
"003_S_4441,"
"003_S_4524,"
"003_S_4555,"
"003_S_4644,"
"003_S_4892,"
"003_S_4900,"
"003_S_5130,"
"003_S_5150,"
"003_S_5165,"
"003_S_5187,"
"003_S_5209,"
"003_S_6014,"
"003_S_6067,"
"003_S_6158,"
"003_S_6259,"
"003_S_6260,"
"003_S_6264,"
"003_S_6268,"
"003_S_6307,"
"003_S_6432,"
"003_S_6479,"
"003_S_6606,"
"003_S_6644,"
"003_S_6833,"
"003_S_6924,"
"003_S_6954,"
"003_S_6959,"
"003_S_6996,"
"003_S_7010,"
"005_S_0448,"
"005_S_0546,"
"005_S_0553,"
"005_S_0572,"
"005_S_0602,"
"005_S_0610,"
"005_S_2390,"
"005_S_4168,"
"005_S_4185,"
"005_S_4707,"
"005_S_4910,"
"005_S_5038,"
"005_S_5119,"
"005_S_6084,"
"005_S_6427,"
"006_S_0498,"
"006_S_0731,"
"006_S_1130,"
"006_S_4150,"
"006_S_4153,"
"006_S_4192,"
"006_S_4346,"
"006_S_4357,"
"006_S_4363,"
"006_S_4449,"
"006_S_4485,"
"006_S_4515,"
"006_S_4546,"
"006_S_4679,"
"006_S_4713,"
"006_S_4867,"
"006_S_4960,"
"006_S_5153,"
"007_S_0101,"
"007_S_0698,"
"007_S_1206,"
"007_S_2058,"
"007_S_2106,"
"007_S_2394,"
"007_S_4272,"
"007_S_4387,"
"007_S_4467,"
"007_S_4488,"
"007_S_4516,"
"007_S_4568,"
"007_S_4611,"
"007_S_4620,"
"007_S_4637,"
"007_S_4911,"
"007_S_5196,"
"007_S_5265,"
"009_S_0751,"
"009_S_0842,"
"009_S_1030,"
"009_S_2208,"
"009_S_2381,"
"009_S_4324,"
"009_S_4337,"
"009_S_4359,"
"009_S_4388,"
"009_S_4530,"
"009_S_4543,"
"009_S_4612,"
"009_S_4741,"
"009_S_4814,"
"009_S_4903,"
"009_S_4958,"
"009_S_5000,"
"009_S_5027,"
"009_S_5037,"
"009_S_5125,"
"009_S_5147,"
"009_S_5176,"
"009_S_5224,"
"009_S_5252,"
"009_S_6163,"
"009_S_6212,"
"010_S_0419,"
"010_S_0420,"
"010_S_4345,"
"011_S_0021,"
"011_S_0023,"
"011_S_2274,"
"011_S_4075,"
"011_S_4105,"
"011_S_4120,"
"011_S_4222,"
"011_S_4235,"
"011_S_4278,"
"011_S_4366,"
"011_S_4547,"
"011_S_4827,"
"011_S_4845,"
"011_S_4893,"
"011_S_4906,"
"011_S_4912,"
"011_S_4949,"
"011_S_6303,"
"011_S_6367,"
"011_S_6465,"
"011_S_6618,"
"011_S_6714,"
"012_S_4012,"
"012_S_4026,"
"012_S_4094,"
"012_S_4128,"
"012_S_4188,"
"012_S_4545,"
"012_S_4643,"
"012_S_4849,"
"012_S_4987,"
"012_S_5121,"
"012_S_5157,"
"012_S_5195,"
"012_S_5213,"
"012_S_6073,"
"012_S_6503,"
"012_S_6760,"
"012_S_6837,"
"013_S_1186,"
"013_S_2324,"
"013_S_2389,"
"013_S_4268,"
"013_S_4395,"
"013_S_4579,"
"013_S_4580,"
"013_S_4595,"
"013_S_4616,"
"013_S_4791,"
"013_S_4917,"
"013_S_4985,"
"013_S_5071,"
"013_S_5137,"
"013_S_5171,"
"014_S_0658,"
"014_S_2185,"
"014_S_2308,"
"014_S_4039,"
"014_S_4058,"
"014_S_4079,"
"014_S_4080,"
"014_S_4093,"
"014_S_4263,"
"014_S_4328,"
"014_S_4401,"
"014_S_4576,"
"014_S_4577,"
"014_S_4615,"
"014_S_4668,"
"016_S_0702,"
"016_S_1117,"
"016_S_1326,"
"016_S_2007,"
"016_S_2031,"
"016_S_2284,"
"016_S_4009,"
"016_S_4097,"
"016_S_4121,"
"016_S_4353,"
"016_S_4583,"
"016_S_4584,"
"016_S_4591,"
"016_S_4601,"
"016_S_4638,"
"016_S_4646,"
"016_S_4688,"
"016_S_4887,"
"016_S_4902,"
"016_S_4951,"
"016_S_4952,"
"016_S_4963,"
"016_S_5007,"
"016_S_5031,"
"016_S_5032,"
"016_S_5057,"
"016_S_5251,"
"018_S_0055,"
"018_S_0142,"
"018_S_2133,"
"018_S_2138,"
"018_S_2155,"
"018_S_2180,"
"018_S_4313,"
"018_S_4399,"
"018_S_4400,"
"018_S_4597,"
"018_S_4696,"
"018_S_4809,"
"018_S_4868,"
"018_S_4889,"
"018_S_5240,"
"018_S_5250,"
"018_S_6207,"
"018_S_6351,"
"019_S_4252,"
"019_S_4285,"
"019_S_4293,"
"019_S_4367,"
"019_S_4477,"
"019_S_4548,"
"019_S_4549,"
"019_S_4680,"
"019_S_4835,"
"019_S_5012,"
"019_S_5019,"
"019_S_5242,"
"020_S_4920,"
"020_S_5140,"
"020_S_5203,"
"020_S_6185,"
"021_S_0159,"
"021_S_0276,"
"021_S_0337,"
"021_S_0626,"
"021_S_0984,"
"021_S_2077,"
"021_S_2100,"
"021_S_2124,"
"021_S_2125,"
"021_S_2142,"
"021_S_2150,"
"021_S_4245,"
"021_S_4254,"
"021_S_4276,"
"021_S_4335,"
"021_S_4402,"
"021_S_4419,"
"021_S_4421,"
"021_S_4558,"
"021_S_4659,"
"021_S_4718,"
"021_S_4744,"
"021_S_4857,"
"021_S_4924,"
"021_S_5099,"
"021_S_5129,"
"021_S_5177,"
"021_S_5194,"
"021_S_5236,"
"021_S_5237,"
"021_S_6312,"
"021_S_6890,"
"021_S_6896,"
"021_S_6910,"
"021_S_6914,"
"021_S_6918,"
"021_S_6940,"
"021_S_6987,"
"021_S_6994,"
"022_S_0096,"
"022_S_0130,"
"022_S_2087,"
"022_S_2167,"
"022_S_2263,"
"022_S_2379,"
"022_S_4173,"
"022_S_4196,"
"022_S_4266,"
"022_S_4291,"
"022_S_4320,"
"022_S_4444,"
"022_S_4805,"
"022_S_4922,"
"022_S_5004,"
"023_S_0031,"
"023_S_0042,"
"023_S_0058,"
"023_S_0061,"
"023_S_0126,"
"023_S_0331,"
"023_S_0376,"
"023_S_0887,"
"023_S_0926,"
"023_S_1046,"
"023_S_1190,"
"023_S_2068,"
"023_S_4020,"
"023_S_4034,"
"023_S_4035,"
"023_S_4115,"
"023_S_4122,"
"023_S_4164,"
"023_S_4241,"
"023_S_4243,"
"023_S_4448,"
"023_S_4501,"
"023_S_4502,"
"023_S_4796,"
"023_S_5120,"
"023_S_5241,"
"023_S_6356,"
"023_S_6535,"
"023_S_6547,"
"023_S_6661,"
"023_S_6702,"
"023_S_6723,"
"024_S_0985,"
"024_S_1063,"
"024_S_2239,"
"024_S_4084,"
"024_S_4158,"
"024_S_4169,"
"024_S_4223,"
"024_S_4280,"
"024_S_4392,"
"024_S_4905,"
"024_S_5054,"
"024_S_5290,"
"027_S_0074,"
"027_S_0118,"
"027_S_0120,"
"027_S_0307,"
"027_S_0408,"
"027_S_0644,"
"027_S_0835,"
"027_S_1045,"
"027_S_2183,"
"027_S_2219,"
"027_S_2245,"
"027_S_2336,"
"027_S_4729,"
"027_S_4757,"
"027_S_4801,"
"027_S_4802,"
"027_S_4804,"
"027_S_4869,"
"027_S_4873,"
"027_S_4919,"
"027_S_4926,"
"027_S_4936,"
"027_S_4938,"
"027_S_4943,"
"027_S_4955,"
"027_S_4962,"
"027_S_4964,"
"027_S_4966,"
"027_S_5079,"
"027_S_5083,"
"027_S_5093,"
"027_S_5109,"
"027_S_5110,"
"027_S_5118,"
"027_S_5127,"
"027_S_5169,"
"027_S_5170,"
"027_S_5197,"
"027_S_5277,"
"027_S_5288,"
"029_S_0845,"
"029_S_0914,"
"029_S_1218,"
"029_S_1318,"
"029_S_2376,"
"029_S_2395,"
"029_S_4279,"
"029_S_4290,"
"029_S_4307,"
"029_S_4327,"
"029_S_4384,"
"029_S_4385,"
"029_S_4585,"
"029_S_4652,"
"029_S_5135,"
"029_S_5158,"
"029_S_5166,"
"029_S_5219,"
"029_S_6289,"
"031_S_0294,"
"031_S_0618,"
"031_S_0830,"
"031_S_0867,"
"031_S_1066,"
"031_S_2018,"
"031_S_2022,"
"031_S_2233,"
"031_S_4005,"
"031_S_4021,"
"031_S_4024,"
"031_S_4029,"
"031_S_4032,"
"031_S_4042,"
"031_S_4149,"
"031_S_4194,"
"031_S_4203,"
"031_S_4218,"
"031_S_4474,"
"031_S_4476,"
"031_S_4496,"
"031_S_4590,"
"031_S_4721,"
"031_S_4947,"
"032_S_0214,"
"032_S_0479,"
"032_S_0677,"
"032_S_1169,"
"032_S_2119,"
"032_S_2240,"
"032_S_2247,"
"032_S_4277,"
"032_S_4348,"
"032_S_4386,"
"032_S_4429,"
"032_S_4755,"
"032_S_4823,"
"032_S_4921,"
"032_S_5263,"
"032_S_5289,"
"032_S_6211,"
"032_S_6279,"
"032_S_6293,"
"032_S_6294,"
"032_S_6600,"
"032_S_6602,"
"032_S_6699,"
"032_S_6700,"
"032_S_6701,"
"032_S_6709,"
"032_S_6717,"
"032_S_6804,"
"033_S_0734,"
"033_S_0741,"
"033_S_0906,"
"033_S_0920,"
"033_S_0923,"
"033_S_1016,"
"033_S_1098,"
"033_S_1116,"
"033_S_4176,"
"033_S_4177,"
"033_S_4179,"
"033_S_4505,"
"033_S_4508,"
"033_S_5013,"
"033_S_5017,"
"033_S_5087,"
"033_S_5198,"
"033_S_5235,"
"033_S_5259,"
"035_S_0156,"
"035_S_0292,"
"035_S_0555,"
"035_S_0997,"
"035_S_2061,"
"035_S_2074,"
"035_S_2199,"
"035_S_4082,"
"035_S_4085,"
"035_S_4114,"
"035_S_4256,"
"035_S_4414,"
"035_S_4464,"
"035_S_4582,"
"035_S_4783,"
"035_S_4784,"
"035_S_4785,"
"035_S_6160,"
"035_S_6200,"
"035_S_6480,"
"035_S_6551,"
"035_S_6641,"
"035_S_6660,"
"035_S_6722,"
"035_S_6730,"
"035_S_6739,"
"035_S_6751,"
"035_S_6927,"
"035_S_6947,"
"035_S_6948,"
"035_S_6950,"
"035_S_6999,"
"035_S_7000,"
"035_S_7004,"
"035_S_7019,"
"036_S_2378,"
"036_S_2380,"
"036_S_4389,"
"036_S_4430,"
"036_S_4491,"
"036_S_4538,"
"036_S_4562,"
"036_S_4714,"
"036_S_4715,"
"036_S_4736,"
"036_S_4740,"
"036_S_4820,"
"036_S_4878,"
"036_S_4894,"
"036_S_4899,"
"036_S_5063,"
"036_S_5112,"
"036_S_5210,"
"036_S_5248,"
"036_S_5271,"
"036_S_5283,"
"036_S_6088,"
"036_S_6134,"
"036_S_6179,"
"036_S_6189,"
"036_S_6231,"
"036_S_6316,"
"036_S_6466,"
"036_S_6878,"
"036_S_6885,"
"036_S_6887,"
"036_S_6894,"
"036_S_6897,"
"036_S_6916,"
"036_S_7023,"
"037_S_0150,"
"037_S_0303,"
"037_S_0377,"
"037_S_0454,"
"037_S_0467,"
"037_S_0552,"
"037_S_4001,"
"037_S_4015,"
"037_S_4028,"
"037_S_4030,"
"037_S_4071,"
"037_S_4146,"
"037_S_4214,"
"037_S_4302,"
"037_S_4308,"
"037_S_4381,"
"037_S_4410,"
"037_S_4706,"
"037_S_4750,"
"037_S_4770,"
"037_S_4879,"
"037_S_5126,"
"037_S_5162,"
"037_S_5222,"
"037_S_6031,"
"041_S_0679,"
"041_S_1010,"
"041_S_1418,"
"041_S_1425,"
"041_S_4004,"
"041_S_4014,"
"041_S_4037,"
"041_S_4041,"
"041_S_4051,"
"041_S_4060,"
"041_S_4138,"
"041_S_4143,"
"041_S_4271,"
"041_S_4427,"
"041_S_4510,"
"041_S_4629,"
"041_S_4720,"
"041_S_4876,"
"041_S_4877,"
"041_S_4974,"
"041_S_4989,"
"041_S_5026,"
"041_S_5078,"
"041_S_5082,"
"041_S_5100,"
"041_S_5131,"
"041_S_5141,"
"041_S_5204,"
"041_S_5244,"
"041_S_6314,"
"041_S_6354,"
"041_S_6447,"
"041_S_6785,"
"041_S_6786,"
"051_S_1072,"
"051_S_1123,"
"051_S_4929,"
"051_S_4980,"
"051_S_5005,"
"051_S_5285,"
"051_S_5294,"
"051_S_6719,"
"052_S_0671,"
"052_S_0989,"
"052_S_1346,"
"052_S_1352,"
"052_S_2249,"
"052_S_4626,"
"052_S_4807,"
"052_S_4885,"
"052_S_4944,"
"052_S_4945,"
"052_S_4959,"
"052_S_5062,"
"053_S_0919,"
"053_S_2357,"
"053_S_2396,"
"053_S_4557,"
"053_S_4578,"
"053_S_4661,"
"053_S_4813,"
"053_S_5070,"
"053_S_5202,"
"053_S_5208,"
"053_S_5272,"
"053_S_5287,"
"053_S_5296,"
"053_S_6598,"
"057_S_1007,"
"057_S_1269,"
"057_S_2398,"
"057_S_4888,"
"057_S_4897,"
"057_S_4909,"
"057_S_5199,"
"057_S_5292,"
"057_S_5295,"
"067_S_0056,"
"067_S_0059,"
"067_S_0257,"
"067_S_2195,"
"067_S_2196,"
"067_S_2301,"
"067_S_2304,"
"067_S_4054,"
"067_S_4072,"
"067_S_4184,"
"067_S_4212,"
"067_S_4310,"
"067_S_4728,"
"067_S_4767,"
"067_S_4782,"
"067_S_4918,"
"067_S_5159,"
"067_S_5160,"
"067_S_5205,"
"067_S_5212,"
"068_S_0127,"
"068_S_0210,"
"068_S_0802,"
"068_S_0872,"
"068_S_2168,"
"068_S_2171,"
"068_S_2184,"
"068_S_2187,"
"068_S_2193,"
"068_S_2194,"
"068_S_2248,"
"068_S_2315,"
"068_S_2316,"
"068_S_4061,"
"068_S_4067,"
"068_S_4134,"
"068_S_4174,"
"068_S_4217,"
"068_S_4274,"
"068_S_4332,"
"068_S_4340,"
"068_S_4424,"
"068_S_4431,"
"068_S_4859,"
"068_S_4968,"
"068_S_5146,"
"070_S_4692,"
"070_S_4708,"
"070_S_4719,"
"070_S_4793,"
"070_S_4856,"
"070_S_5040,"
"072_S_0315,"
"072_S_1380,"
"072_S_2026,"
"072_S_2027,"
"072_S_2037,"
"072_S_2070,"
"072_S_2072,"
"072_S_2083,"
"072_S_2093,"
"072_S_2116,"
"072_S_2164,"
"072_S_4007,"
"072_S_4057,"
"072_S_4063,"
"072_S_4102,"
"072_S_4103,"
"072_S_4131,"
"072_S_4206,"
"072_S_4226,"
"072_S_4383,"
"072_S_4390,"
"072_S_4391,"
"072_S_4394,"
"072_S_4445,"
"072_S_4462,"
"072_S_4465,"
"072_S_4522,"
"072_S_4539,"
"072_S_4610,"
"072_S_4613,"
"072_S_4694,"
"072_S_4769,"
"072_S_4871,"
"072_S_4941,"
"072_S_5207,"
"073_S_0311,"
"073_S_0746,"
"073_S_2153,"
"073_S_2182,"
"073_S_2190,"
"073_S_2191,"
"073_S_2225,"
"073_S_2264,"
"073_S_4155,"
"073_S_4216,"
"073_S_4259,"
"073_S_4300,"
"073_S_4311,"
"073_S_4312,"
"073_S_4360,"
"073_S_4382,"
"073_S_4393,"
"073_S_4403,"
"073_S_4443,"
"073_S_4540,"
"073_S_4552,"
"073_S_4559,"
"073_S_4614,"
"073_S_4739,"
"073_S_4762,"
"073_S_4777,"
"073_S_4825,"
"073_S_4853,"
"073_S_4986,"
"073_S_5016,"
"073_S_5023,"
"073_S_5090,"
"073_S_5227,"
"082_S_2099,"
"082_S_2121,"
"082_S_2307,"
"082_S_4090,"
"082_S_4208,"
"082_S_4224,"
"082_S_4244,"
"082_S_4339,"
"082_S_4428,"
"082_S_5014,"
"082_S_5029,"
"082_S_5184,"
"082_S_5278,"
"082_S_5279,"
"082_S_5282,"
"082_S_6197,"
"082_S_6283,"
"082_S_6287,"
"082_S_6563,"
"082_S_6564,"
"082_S_6629,"
"082_S_6690,"
"094_S_2201,"
"094_S_2216,"
"094_S_2238,"
"094_S_2367,"
"094_S_4089,"
"094_S_4162,"
"094_S_4234,"
"094_S_4282,"
"094_S_4434,"
"094_S_4503,"
"094_S_4560,"
"094_S_4630,"
"094_S_4649,"
"094_S_4737,"
"094_S_4858,"
"098_S_0160,"
"098_S_0171,"
"098_S_0172,"
"098_S_0269,"
"098_S_0667,"
"098_S_0896,"
"098_S_2047,"
"098_S_2052,"
"098_S_2079,"
"098_S_4003,"
"098_S_4018,"
"098_S_4050,"
"098_S_4059,"
"098_S_4201,"
"098_S_4215,"
"098_S_4275,"
"098_S_4506,"
"099_S_0051,"
"099_S_0291,"
"099_S_0352,"
"099_S_2042,"
"099_S_2063,"
"099_S_2146,"
"099_S_2205,"
"099_S_4022,"
"099_S_4076,"
"099_S_4086,"
"099_S_4104,"
"099_S_4157,"
"099_S_4202,"
"099_S_4205,"
"099_S_4463,"
"099_S_4475,"
"099_S_4480,"
"099_S_4498,"
"099_S_4565,"
"099_S_4994,"
"099_S_6016,"
"099_S_6025,"
"099_S_6038,"
"099_S_6476,"
"099_S_6632,"
"099_S_6691,"
"100_S_0035,"
"100_S_0047,"
"100_S_0069,"
"100_S_0296,"
"100_S_1226,"
"100_S_1286,"
"100_S_4469,"
"100_S_4512,"
"100_S_4556,"
"100_S_5075,"
"100_S_5091,"
"100_S_5096,"
"100_S_5102,"
"100_S_5106,"
"100_S_5280,"
"109_S_2200,"
"109_S_2237,"
"109_S_2278,"
"109_S_4380,"
"109_S_4455,"
"109_S_4499,"
"109_S_4531,"
"109_S_4594,"
"114_S_0166,"
"114_S_0173,"
"114_S_0378,"
"114_S_0416,"
"114_S_1106,"
"114_S_1118,"
"114_S_2392,"
"114_S_4379,"
"114_S_4404,"
"114_S_5047,"
"114_S_5234,"
"114_S_6039,"
"114_S_6057,"
"114_S_6063,"
"114_S_6113,"
"114_S_6347,"
"114_S_6429,"
"114_S_6462,"
"114_S_6487,"
"114_S_6524,"
"114_S_6595,"
"114_S_6597,"
"114_S_6813,"
"114_S_6917,"
"116_S_0361,"
"116_S_0657,"
"116_S_1232,"
"116_S_4010,"
"116_S_4043,"
"116_S_4092,"
"116_S_4167,"
"116_S_4175,"
"116_S_4195,"
"116_S_4209,"
"116_S_4338,"
"116_S_4453,"
"116_S_4483,"
"116_S_4625,"
"116_S_4635,"
"116_S_4732,"
"116_S_4855,"
"116_S_4898,"
"123_S_0106,"
"123_S_0113,"
"123_S_1300,"
"123_S_2055,"
"123_S_2363,"
"123_S_4096,"
"123_S_4127,"
"123_S_4170,"
"123_S_4526,"
"123_S_4780,"
"123_S_4806,"
"123_S_4904,"
"126_S_0680,"
"126_S_0709,"
"126_S_1187,"
"126_S_2360,"
"126_S_2405,"
"126_S_2407,"
"126_S_4458,"
"126_S_4494,"
"126_S_4507,"
"126_S_4514,"
"126_S_4675,"
"126_S_4686,"
"126_S_4712,"
"126_S_4743,"
"126_S_4891,"
"126_S_4896,"
"126_S_5214,"
"126_S_5243,"
"127_S_0112,"
"127_S_0259,"
"127_S_0260,"
"127_S_0684,"
"127_S_0925,"
"127_S_1419,"
"127_S_1427,"
"127_S_2213,"
"127_S_2234,"
"127_S_4148,"
"127_S_4197,"
"127_S_4198,"
"127_S_4210,"
"127_S_4240,"
"127_S_4301,"
"127_S_4500,"
"127_S_4624,"
"127_S_4645,"
"127_S_4765,"
"127_S_4843,"
"127_S_4844,"
"127_S_4928,"
"127_S_4940,"
"127_S_4992,"
"127_S_5028,"
"127_S_5056,"
"127_S_5058,"
"127_S_5067,"
"127_S_5095,"
"127_S_5132,"
"127_S_5185,"
"127_S_5200,"
"127_S_5218,"
"127_S_5228,"
"127_S_5266,"
"128_S_0135,"
"128_S_0138,"
"128_S_0200,"
"128_S_0205,"
"128_S_0225,"
"128_S_0227,"
"128_S_0229,"
"128_S_0230,"
"128_S_0272,"
"128_S_0545,"
"128_S_0863,"
"128_S_1043,"
"128_S_1408,"
"128_S_2002,"
"128_S_2003,"
"128_S_2011,"
"128_S_2036,"
"128_S_2045,"
"128_S_2057,"
"128_S_2123,"
"128_S_2130,"
"128_S_2151,"
"128_S_2220,"
"128_S_2314,"
"128_S_4553,"
"128_S_4571,"
"128_S_4586,"
"128_S_4599,"
"128_S_4607,"
"128_S_4609,"
"128_S_4636,"
"128_S_4653,"
"128_S_4671,"
"128_S_4742,"
"128_S_4745,"
"128_S_4772,"
"128_S_4774,"
"128_S_4792,"
"128_S_4832,"
"128_S_4842,"
"128_S_5066,"
"128_S_5123,"
"129_S_0778,"
"129_S_1246,"
"129_S_2332,"
"129_S_2347,"
"129_S_4073,"
"129_S_4220,"
"129_S_4287,"
"129_S_4369,"
"129_S_4371,"
"129_S_4396,"
"129_S_4422,"
"129_S_6082,"
"129_S_6146,"
"129_S_6452,"
"129_S_6457,"
"129_S_6459,"
"129_S_6621,"
"129_S_6704,"
"129_S_6763,"
"129_S_6784,"
"129_S_6830,"
"129_S_6848,"
"129_S_6852,"
"130_S_0232,"
"130_S_0285,"
"130_S_0289,"
"130_S_0505,"
"130_S_0886,"
"130_S_0969,"
"130_S_2373,"
"130_S_2391,"
"130_S_2403,"
"130_S_4250,"
"130_S_4294,"
"130_S_4343,"
"130_S_4352,"
"130_S_4405,"
"130_S_4415,"
"130_S_4417,"
"130_S_4468,"
"130_S_4542,"
"130_S_4589,"
"130_S_4605,"
"130_S_4641,"
"130_S_4660,"
"130_S_4730,"
"130_S_4817,"
"130_S_4883,"
"130_S_4925,"
"130_S_4971,"
"130_S_4982,"
"130_S_4984,"
"130_S_4990,"
"130_S_4997,"
"130_S_5006,"
"130_S_5059,"
"130_S_5142,"
"130_S_5175,"
"130_S_5231,"
"130_S_5258,"
"131_S_0123,"
"131_S_0441,"
"131_S_5138,"
"135_S_4281,"
"135_S_4309,"
"135_S_4356,"
"135_S_4406,"
"135_S_4446,"
"135_S_4489,"
"135_S_4566,"
"135_S_4598,"
"135_S_4657,"
"135_S_4676,"
"135_S_4689,"
"135_S_4722,"
"135_S_4723,"
"135_S_4863,"
"135_S_4954,"
"135_S_5015,"
"135_S_5113,"
"135_S_5269,"
"135_S_5273,"
"135_S_5275,"
"136_S_0107,"
"136_S_0186,"
"136_S_0873,"
"136_S_4189,"
"136_S_4269,"
"136_S_4408,"
"136_S_4433,"
"136_S_4517,"
"137_S_0301,"
"137_S_0668,"
"137_S_0722,"
"137_S_0800,"
"137_S_0972,"
"137_S_0973,"
"137_S_0994,"
"137_S_1414,"
"137_S_4211,"
"137_S_4258,"
"137_S_4299,"
"137_S_4303,"
"137_S_4331,"
"137_S_4351,"
"137_S_4466,"
"137_S_4482,"
"137_S_4536,"
"137_S_4587,"
"137_S_4596,"
"137_S_4623,"
"137_S_4631,"
"137_S_4632,"
"137_S_4672,"
"137_S_4678,"
"137_S_4756,"
"137_S_4815,"
"137_S_4816,"
"137_S_4852,"
"137_S_4862,"
"137_S_6654,"
"141_S_0717,"
"141_S_0767,"
"141_S_1004,"
"141_S_1052,"
"141_S_1255,"
"141_S_1378,"
"141_S_2210,"
"141_S_2333,"
"141_S_4053,"
"141_S_4160,"
"141_S_4232,"
"141_S_4426,"
"141_S_4438,"
"141_S_4456,"
"141_S_4711,"
"141_S_4803,"
"141_S_4907,"
"141_S_4976,"
"141_S_6008,"
"153_S_2109,"
"153_S_2148,"
"153_S_4077,"
"153_S_4125,"
"153_S_4133,"
"153_S_4139,"
"153_S_4151,"
"153_S_4159,"
"153_S_4172,"
"153_S_4297,"
"153_S_4372,"
"153_S_4621,"
"153_S_4838,"
"153_S_5261,"
"153_S_5267,"
"153_S_6237,"
"153_S_6274,"
"153_S_6336,"
"153_S_6450,"
"153_S_6679,"
"153_S_6755,"
"168_S_6049,"
"168_S_6051,"
"168_S_6059,"
"168_S_6062,"
"168_S_6065,"
"168_S_6085,"
"168_S_6142,"
"168_S_6151,"
"168_S_6180,"
"168_S_6233,"
"168_S_6281,"
"168_S_6285,"
"168_S_6318,"
"168_S_6320,"
"168_S_6321,"
"168_S_6350,"
"168_S_6371,"
"168_S_6413,"
"168_S_6426,"
"168_S_6467,"
"168_S_6492,"
"168_S_6541,"
"168_S_6591,"
"168_S_6619,"
"168_S_6634,"
"168_S_6735,"
"168_S_6754,"
"168_S_6821,"
"168_S_6828,"
"168_S_6843,"
"168_S_6860,"
"168_S_6874,"
"168_S_6875,"
"177_S_6328,"
"177_S_6335,"
"301_S_6056,"
"301_S_6224,"
"301_S_6326,"
"301_S_6592,"
"301_S_6615,"
"301_S_6777,"
"301_S_6811,"
"305_S_6157,"
"305_S_6188,"
"305_S_6313,"
"305_S_6378,"
"305_S_6498,"
"305_S_6742,"
"305_S_6744,"
"305_S_6810,"
"305_S_6845,"
"305_S_6850,"
"305_S_6871,"
"305_S_6877,"
"305_S_6899,"
"941_S_1195,"
"941_S_1202,"
"941_S_2060,"
"941_S_4036,"
"941_S_4066,"
"941_S_4100,"
"941_S_4187,"
"941_S_4255,"
"941_S_4292,"
"941_S_4365,"
"941_S_4376,"
"941_S_4377,"
"941_S_4420,"
"941_S_4764,"
"941_S_5124,"
"941_S_5193,"
